mp_id,category,config,nmae,seconds,grid,mass_captured,effective_threshold
mp-1817843,oxide,direct,2.151689134761994e-08,0.0026820409984793514,"(128, 128, 128)",,
mp-1817843,oxide,cutoff-top-1pct,0.8487535353328971,0.010046542003692593,"(128, 128, 128)",0.15124647319316864,2140.565185546875
mp-1817843,oxide,cutoff-top-5pct,0.5436561955281507,0.006532790997880511,"(128, 128, 128)",0.45634374022483826,865.902099609375
mp-1817843,oxide,cutoff-top-25pct,0.14976928731151953,0.013143874995876104,"(128, 128, 128)",0.8502306938171387,148.42552185058594
mp-1817843,oxide,cutoff-top-100pct,2.151689134761994e-08,0.007565125000837725,"(128, 128, 128)",0.9999999403953552,-162.4598846435547
mp-1817843,oxide,fourier-lowg-1pct,0.013066285550407293,0.037981375004164875,"(128, 128, 128)",,
mp-1817843,oxide,fourier-lowg-5pct,0.0008754100529670368,0.02511912500631297,"(128, 128, 128)",,
mp-1817843,oxide,fourier-lowg-25pct,0.00041762522928652393,0.025340707994473632,"(128, 128, 128)",,
mp-1817843,oxide,fourier-lowg-100pct,4.26699521021179e-08,0.022848042004625313,"(128, 128, 128)",,
mp-2477964,oxychalcogenide,direct,2.1604623993908337e-08,0.0009127920056926087,"(128, 128, 128)",,
mp-2477964,oxychalcogenide,cutoff-top-1pct,0.812991808122428,0.003682916001707781,"(128, 128, 128)",0.18700818717479706,1426.59228515625
mp-2477964,oxychalcogenide,cutoff-top-5pct,0.49802854558322424,0.0039555829935125075,"(128, 128, 128)",0.5019714832305908,429.6577453613281
mp-2477964,oxychalcogenide,cutoff-top-25pct,0.15145026283770202,0.008941042004153132,"(128, 128, 128)",0.8485497832298279,74.17903137207031
mp-2477964,oxychalcogenide,cutoff-top-100pct,2.1604623993908337e-08,0.007177375002356712,"(128, 128, 128)",1.0000001192092896,-92.19977569580078
mp-2477964,oxychalcogenide,fourier-lowg-1pct,0.002971742491732195,0.024152541998773813,"(128, 128, 128)",,
mp-2477964,oxychalcogenide,fourier-lowg-5pct,0.0005820792073787371,0.025700541998958215,"(128, 128, 128)",,
mp-2477964,oxychalcogenide,fourier-lowg-25pct,0.00013820304982361503,0.026027042003988754,"(128, 128, 128)",,
mp-2477964,oxychalcogenide,fourier-lowg-100pct,5.098174760943395e-08,0.023721792000287678,"(128, 128, 128)",,
mp-1798153,other,direct,2.1691678302218103e-08,0.0006244579999474809,"(128, 128, 128)",,
mp-1798153,other,cutoff-top-1pct,0.9288735862960059,0.0045586670021293685,"(128, 128, 128)",0.07112641632556915,329.9425048828125
mp-1798153,other,cutoff-top-5pct,0.7109625025309199,0.006091916999139357,"(128, 128, 128)",0.2890374958515167,225.8182373046875
mp-1798153,other,cutoff-top-25pct,0.2247225793123503,0.008417207995080389,"(128, 128, 128)",0.7752773761749268,58.61566162109375
mp-1798153,other,cutoff-top-100pct,2.1691678302218103e-08,0.007515084005717654,"(128, 128, 128)",1.0,1.7127327919006348
mp-1798153,other,fourier-lowg-1pct,0.0005222766971499646,0.023617333004949614,"(128, 128, 128)",,
mp-1798153,other,fourier-lowg-5pct,0.0003799679019286469,0.023123500002839137,"(128, 128, 128)",,
mp-1798153,other,fourier-lowg-25pct,0.00013503502291903569,0.024481500004185364,"(128, 128, 128)",,
mp-1798153,other,fourier-lowg-100pct,2.951363114499881e-08,0.023638375001610257,"(128, 128, 128)",,
mp-1803190,other,direct,2.1610594448070024e-08,0.0006353750068228692,"(128, 128, 128)",,
mp-1803190,other,cutoff-top-1pct,0.7167471359430477,0.0029114170029060915,"(128, 128, 128)",0.28325289487838745,604.5825805664062
mp-1803190,other,cutoff-top-5pct,0.5317676307606569,0.0031725000008009374,"(128, 128, 128)",0.4682323932647705,82.52407836914062
mp-1803190,other,cutoff-top-25pct,0.2585912777149563,0.005801499995868653,"(128, 128, 128)",0.7414087653160095,31.18496322631836
mp-1803190,other,cutoff-top-100pct,2.1610594448070024e-08,0.007474874997569714,"(128, 128, 128)",1.0,-48.458770751953125
mp-1803190,other,fourier-lowg-1pct,0.002213516787684916,0.024255249998532236,"(128, 128, 128)",,
mp-1803190,other,fourier-lowg-5pct,0.0008067156283481313,0.023090000002412125,"(128, 128, 128)",,
mp-1803190,other,fourier-lowg-25pct,0.00021005542190992435,0.025860207999357954,"(128, 128, 128)",,
mp-1803190,other,fourier-lowg-100pct,5.8888747549753335e-08,0.025199166004313156,"(128, 128, 128)",,
mp-1908473,oxide,direct,2.156921180268205e-08,0.0008230839957832359,"(128, 128, 128)",,
mp-1908473,oxide,cutoff-top-1pct,0.8388159500548611,0.006477582996012643,"(128, 128, 128)",0.16118405759334564,4647.33935546875
mp-1908473,oxide,cutoff-top-5pct,0.5368454224199841,0.0069642079979530536,"(128, 128, 128)",0.46315455436706543,1853.30517578125
mp-1908473,oxide,cutoff-top-25pct,0.18281155692177908,0.0102737920024083,"(128, 128, 128)",0.8171885013580322,280.0770568847656
mp-1908473,oxide,cutoff-top-100pct,2.156921180268205e-08,0.006980124999245163,"(128, 128, 128)",1.0,-118.6256103515625
mp-1908473,oxide,fourier-lowg-1pct,0.33656867455872524,0.027044125003158115,"(128, 128, 128)",,
mp-1908473,oxide,fourier-lowg-5pct,0.0695483127779934,0.02542837499640882,"(128, 128, 128)",,
mp-1908473,oxide,fourier-lowg-25pct,0.005204972119741556,0.024524958003894426,"(128, 128, 128)",,
mp-1908473,oxide,fourier-lowg-100pct,4.1996005473243124e-08,0.024045666999882087,"(128, 128, 128)",,
mp-1805331,intermetallic,direct,2.1127145812376188e-08,0.0008533750005881302,"(128, 128, 128)",,
mp-1805331,intermetallic,cutoff-top-1pct,0.7393926357652669,0.004611208998539951,"(128, 128, 128)",0.26060736179351807,1129.6907958984375
mp-1805331,intermetallic,cutoff-top-5pct,0.3585348932207526,0.006018874999426771,"(128, 128, 128)",0.6414651870727539,242.41140747070312
mp-1805331,intermetallic,cutoff-top-25pct,0.17611767848145748,0.015514333004830405,"(128, 128, 128)",0.8238824009895325,20.146278381347656
mp-1805331,intermetallic,cutoff-top-100pct,2.1127145812376188e-08,0.008507416998327244,"(128, 128, 128)",1.0,9.203015327453613
mp-1805331,intermetallic,fourier-lowg-1pct,0.09884573057406632,0.03278029200009769,"(128, 128, 128)",,
mp-1805331,intermetallic,fourier-lowg-5pct,0.005436357693263677,0.025304624999989755,"(128, 128, 128)",,
mp-1805331,intermetallic,fourier-lowg-25pct,0.0009957722165515584,0.026706541997555178,"(128, 128, 128)",,
mp-1805331,intermetallic,fourier-lowg-100pct,6.675638750802676e-08,0.025221749994670972,"(128, 128, 128)",,
mp-1804635,intermetallic,direct,2.136375441210321e-08,0.0009912499954225495,"(128, 128, 128)",,
mp-1804635,intermetallic,cutoff-top-1pct,0.7897815597542127,0.007712790997175034,"(128, 128, 128)",0.21021845936775208,1125.06640625
mp-1804635,intermetallic,cutoff-top-5pct,0.4175539300102354,0.007674499996937811,"(128, 128, 128)",0.5824460983276367,339.42010498046875
mp-1804635,intermetallic,cutoff-top-25pct,0.17335298879343386,0.01261062500270782,"(128, 128, 128)",0.8266470432281494,27.320388793945312
mp-1804635,intermetallic,cutoff-top-100pct,2.136375441210321e-08,0.00708091699925717,"(128, 128, 128)",1.0,8.877842903137207
mp-1804635,intermetallic,fourier-lowg-1pct,0.008508240020608765,0.02638450000085868,"(128, 128, 128)",,
mp-1804635,intermetallic,fourier-lowg-5pct,0.001107363875022151,0.02287508299923502,"(128, 128, 128)",,
mp-1804635,intermetallic,fourier-lowg-25pct,0.00024659271881940435,0.02386533300159499,"(128, 128, 128)",,
mp-1804635,intermetallic,fourier-lowg-100pct,6.510141980754145e-08,0.023810708000382874,"(128, 128, 128)",,
mp-1894288,oxide,direct,2.1359618638689545e-08,0.0009074580011656508,"(128, 128, 128)",,
mp-1894288,oxide,cutoff-top-1pct,0.7480147120201391,0.00490616600291105,"(128, 128, 128)",0.2519853115081787,3644.22802734375
mp-1894288,oxide,cutoff-top-5pct,0.39435953503986576,0.005272959002468269,"(128, 128, 128)",0.6056405305862427,959.0018310546875
mp-1894288,oxide,cutoff-top-25pct,0.061593527384687846,0.008064665998972487,"(128, 128, 128)",0.9384065270423889,115.67357635498047
mp-1894288,oxide,cutoff-top-100pct,2.1359618638689545e-08,0.007702165996306576,"(128, 128, 128)",1.0,-156.06756591796875
mp-1894288,oxide,fourier-lowg-1pct,0.13915297377297553,0.022961709000810515,"(128, 128, 128)",,
mp-1894288,oxide,fourier-lowg-5pct,0.011595435377090716,0.023422624995873775,"(128, 128, 128)",,
mp-1894288,oxide,fourier-lowg-25pct,0.0007961680515443791,0.02480962499976158,"(128, 128, 128)",,
mp-1894288,oxide,fourier-lowg-100pct,6.646193358223339e-08,0.024199833002057858,"(128, 128, 128)",,
mp-1786695,intermetallic,direct,2.107258488444592e-08,0.0006464580001193099,"(128, 128, 128)",,
mp-1786695,intermetallic,cutoff-top-1pct,0.7408698467415575,0.005739583000831772,"(128, 128, 128)",0.2591301500797272,1117.325439453125
mp-1786695,intermetallic,cutoff-top-5pct,0.3601011056878808,0.005985625000903383,"(128, 128, 128)",0.6398988962173462,243.248779296875
mp-1786695,intermetallic,cutoff-top-25pct,0.17646544227850922,0.008454958006041124,"(128, 128, 128)",0.8235345482826233,20.173450469970703
mp-1786695,intermetallic,cutoff-top-100pct,2.107258488444592e-08,0.007657875001314096,"(128, 128, 128)",1.0,8.744328498840332
mp-1786695,intermetallic,fourier-lowg-1pct,0.008214255633457762,0.025916042002791073,"(128, 128, 128)",,
mp-1786695,intermetallic,fourier-lowg-5pct,0.0013598054824460878,0.027996374999929685,"(128, 128, 128)",,
mp-1786695,intermetallic,fourier-lowg-25pct,0.0007700898023129416,0.029843958000128623,"(128, 128, 128)",,
mp-1786695,intermetallic,fourier-lowg-100pct,6.184291839460312e-08,0.02567895899846917,"(128, 128, 128)",,
mp-1777831,chalcogenide,direct,2.154299323862913e-08,0.0006942079999134876,"(128, 128, 128)",,
mp-1777831,chalcogenide,cutoff-top-1pct,0.8718433224890242,0.007043416000669822,"(128, 128, 128)",0.12815669178962708,789.1720581054688
mp-1777831,chalcogenide,cutoff-top-5pct,0.6312145731857661,0.008698833000380546,"(128, 128, 128)",0.36878547072410583,326.8885192871094
mp-1777831,chalcogenide,cutoff-top-25pct,0.20713108506173528,0.01041508399794111,"(128, 128, 128)",0.792868971824646,76.55891418457031
mp-1777831,chalcogenide,cutoff-top-100pct,2.154299323862913e-08,0.007019166994723491,"(128, 128, 128)",1.0,-72.1048583984375
mp-1777831,chalcogenide,fourier-lowg-1pct,0.002723890801139223,0.02600058299867669,"(128, 128, 128)",,
mp-1777831,chalcogenide,fourier-lowg-5pct,0.00041259135730864103,0.024343500001123175,"(128, 128, 128)",,
mp-1777831,chalcogenide,fourier-lowg-25pct,0.00037513127880642034,0.025704457999381702,"(128, 128, 128)",,
mp-1777831,chalcogenide,fourier-lowg-100pct,3.224153472640466e-08,0.025362499996845145,"(128, 128, 128)",,
mp-2488630,other,direct,2.134136894352798e-08,0.0007447090029018,"(128, 128, 128)",,
mp-2488630,other,cutoff-top-1pct,0.7617750513570372,0.004090084003109951,"(128, 128, 128)",0.23822496831417084,593.3331909179688
mp-2488630,other,cutoff-top-5pct,0.48070362721075355,0.00538599999708822,"(128, 128, 128)",0.519296407699585,91.42622375488281
mp-2488630,other,cutoff-top-25pct,0.22238094761879737,0.009508959003142081,"(128, 128, 128)",0.7776191234588623,30.28390884399414
mp-2488630,other,cutoff-top-100pct,2.134136894352798e-08,0.007425084004353266,"(128, 128, 128)",1.0,-33.43270492553711
mp-2488630,other,fourier-lowg-1pct,0.0011112828658959837,0.02441362499666866,"(128, 128, 128)",,
mp-2488630,other,fourier-lowg-5pct,0.0002743366082627511,0.025698082994495053,"(128, 128, 128)",,
mp-2488630,other,fourier-lowg-25pct,9.86592193164239e-05,0.026696291999542154,"(128, 128, 128)",,
mp-2488630,other,fourier-lowg-100pct,7.298084652497329e-08,0.02476083299552556,"(128, 128, 128)",,
mp-1886230,other,direct,2.1124501477163876e-08,0.0009446249969187193,"(128, 128, 128)",,
mp-1886230,other,cutoff-top-1pct,0.8177193719238577,0.009820625004067551,"(128, 128, 128)",0.18228062987327576,2341.445068359375
mp-1886230,other,cutoff-top-5pct,0.5383685866800119,0.011352707995683886,"(128, 128, 128)",0.4616313874721527,528.52880859375
mp-1886230,other,cutoff-top-25pct,0.2675559458406539,0.013147334000677802,"(128, 128, 128)",0.7324440479278564,147.85105895996094
mp-1886230,other,cutoff-top-100pct,2.1124501477163876e-08,0.007151208003051579,"(128, 128, 128)",1.0,-108.6971206665039
mp-1886230,other,fourier-lowg-1pct,0.017569612863561512,0.025138709002931137,"(128, 128, 128)",,
mp-1886230,other,fourier-lowg-5pct,0.0011552157853017813,0.02523345800000243,"(128, 128, 128)",,
mp-1886230,other,fourier-lowg-25pct,0.0003555634627121856,0.025314958998933434,"(128, 128, 128)",,
mp-1886230,other,fourier-lowg-100pct,5.5800366384112396e-08,0.0252360829981626,"(128, 128, 128)",,
mp-2379952,other,direct,2.1729252694174304e-08,0.0007337080023717135,"(128, 128, 128)",,
mp-2379952,other,cutoff-top-1pct,0.8944387508869697,0.007900167001935188,"(128, 128, 128)",0.1055612564086914,709.88037109375
mp-2379952,other,cutoff-top-5pct,0.6141840869877564,0.008051333003095351,"(128, 128, 128)",0.38581591844558716,432.1578063964844
mp-2379952,other,cutoff-top-25pct,0.17222497282590704,0.01148054199438775,"(128, 128, 128)",0.8277750015258789,66.43965911865234
mp-2379952,other,cutoff-top-100pct,2.1729252694174304e-08,0.006835416003013961,"(128, 128, 128)",1.0,1.5304601192474365
mp-2379952,other,fourier-lowg-1pct,0.009584882910469729,0.027371499993023463,"(128, 128, 128)",,
mp-2379952,other,fourier-lowg-5pct,0.00037731110043995477,0.02411691699671792,"(128, 128, 128)",,
mp-2379952,other,fourier-lowg-25pct,0.00010180487389757662,0.024865708001016174,"(128, 128, 128)",,
mp-2379952,other,fourier-lowg-100pct,4.0111808870856206e-08,0.0236477090002154,"(128, 128, 128)",,
mp-1787846,oxide,direct,2.140880563022456e-08,0.0007328339997911826,"(128, 128, 128)",,
mp-1787846,oxide,cutoff-top-1pct,0.8460623819888846,0.008618667001428548,"(128, 128, 128)",0.15393762290477753,777.8306884765625
mp-1787846,oxide,cutoff-top-5pct,0.5455307843224294,0.00874945800023852,"(128, 128, 128)",0.4544692039489746,320.275146484375
mp-1787846,oxide,cutoff-top-25pct,0.15370656630226615,0.00918654199631419,"(128, 128, 128)",0.8462934494018555,49.036643981933594
mp-1787846,oxide,cutoff-top-100pct,2.140880563022456e-08,0.0067154579955968075,"(128, 128, 128)",1.0,1.5704987049102783
mp-1787846,oxide,fourier-lowg-1pct,0.008156917079885589,0.024726499999815132,"(128, 128, 128)",,
mp-1787846,oxide,fourier-lowg-5pct,0.0010827304090967934,0.025646207999670878,"(128, 128, 128)",,
mp-1787846,oxide,fourier-lowg-25pct,0.0008573412120118075,0.024865124993084464,"(128, 128, 128)",,
mp-1787846,oxide,fourier-lowg-100pct,4.262637506729074e-08,0.02446579100069357,"(128, 128, 128)",,
mp-1819569,oxychalcogenide,direct,2.157120611461798e-08,0.0006396660028258339,"(128, 128, 128)",,
mp-1819569,oxychalcogenide,cutoff-top-1pct,0.8599599262262981,0.008946708003350068,"(128, 128, 128)",0.1400400847196579,2219.125732421875
mp-1819569,oxychalcogenide,cutoff-top-5pct,0.5727949801311709,0.010194041002250742,"(128, 128, 128)",0.42720502614974976,890.8384399414062
mp-1819569,oxychalcogenide,cutoff-top-25pct,0.1692351864180515,0.011023833998478949,"(128, 128, 128)",0.830764889717102,169.0128631591797
mp-1819569,oxychalcogenide,cutoff-top-100pct,2.157120611461798e-08,0.0075745420035673305,"(128, 128, 128)",1.0000001192092896,-117.59345245361328
mp-1819569,oxychalcogenide,fourier-lowg-1pct,0.01899900380568873,0.025178999996569473,"(128, 128, 128)",,
mp-1819569,oxychalcogenide,fourier-lowg-5pct,0.0018908431114582288,0.024419792003754992,"(128, 128, 128)",,
mp-1819569,oxychalcogenide,fourier-lowg-25pct,0.00012298214192009988,0.02565104200039059,"(128, 128, 128)",,
mp-1819569,oxychalcogenide,fourier-lowg-100pct,4.4128664189001985e-08,0.02327670900558587,"(128, 128, 128)",,
mp-1846519,oxide,direct,2.155732599656462e-08,0.0006867499978397973,"(128, 128, 128)",,
mp-1846519,oxide,cutoff-top-1pct,0.8072507483666408,0.008119167003314942,"(128, 128, 128)",0.1927492767572403,5046.08642578125
mp-1846519,oxide,cutoff-top-5pct,0.4961614283482593,0.009259250000468455,"(128, 128, 128)",0.5038385987281799,1754.044677734375
mp-1846519,oxide,cutoff-top-25pct,0.11787971493103742,0.008701292004843708,"(128, 128, 128)",0.8821203112602234,265.1092224121094
mp-1846519,oxide,cutoff-top-100pct,2.155732599656462e-08,0.007790499999828171,"(128, 128, 128)",1.0,-200.7377166748047
mp-1846519,oxide,fourier-lowg-1pct,0.27329570482435767,0.028101834002882242,"(128, 128, 128)",,
mp-1846519,oxide,fourier-lowg-5pct,0.04080584316609426,0.026442082998983096,"(128, 128, 128)",,
mp-1846519,oxide,fourier-lowg-25pct,0.004728550918740282,0.025576375002856366,"(128, 128, 128)",,
mp-1846519,oxide,fourier-lowg-100pct,5.236396913756374e-08,0.024527665998903103,"(128, 128, 128)",,
mp-1843677,oxide,direct,2.1532019130300676e-08,0.0007457089959643781,"(128, 128, 128)",,
mp-1843677,oxide,cutoff-top-1pct,0.8395916544317471,0.008757499999774154,"(128, 128, 128)",0.1604083627462387,2306.033447265625
mp-1843677,oxide,cutoff-top-5pct,0.5264287760647188,0.009805499998037703,"(128, 128, 128)",0.473571240901947,872.0492553710938
mp-1843677,oxide,cutoff-top-25pct,0.1494025671492013,0.013162540999474004,"(128, 128, 128)",0.8505974411964417,145.41062927246094
mp-1843677,oxide,cutoff-top-100pct,2.1532019130300676e-08,0.00713191699469462,"(128, 128, 128)",1.0,-147.05526733398438
mp-1843677,oxide,fourier-lowg-1pct,0.009825452868149542,0.027542708005057648,"(128, 128, 128)",,
mp-1843677,oxide,fourier-lowg-5pct,0.0007400873444224987,0.02547516699996777,"(128, 128, 128)",,
mp-1843677,oxide,fourier-lowg-25pct,0.00014218779565546767,0.026138084002013784,"(128, 128, 128)",,
mp-1843677,oxide,fourier-lowg-100pct,4.5814894718783884e-08,0.024901249998947605,"(128, 128, 128)",,
mp-1872983,oxide,direct,2.1491874034351114e-08,0.0007552909955848008,"(128, 128, 128)",,
mp-1872983,oxide,cutoff-top-1pct,0.7879205286797499,0.006194666995725129,"(128, 128, 128)",0.2120794802904129,4226.55615234375
mp-1872983,oxide,cutoff-top-5pct,0.45316691664148834,0.00629050000134157,"(128, 128, 128)",0.5468330979347229,1350.0452880859375
mp-1872983,oxide,cutoff-top-25pct,0.10063142913989538,0.008434082999883685,"(128, 128, 128)",0.8993685841560364,168.3097686767578
mp-1872983,oxide,cutoff-top-100pct,2.1491874034351114e-08,0.007108666002750397,"(128, 128, 128)",1.0,-321.0065612792969
mp-1872983,oxide,fourier-lowg-1pct,0.17173859059044178,0.025885458002449013,"(128, 128, 128)",,
mp-1872983,oxide,fourier-lowg-5pct,0.013104928944525779,0.024874959002772812,"(128, 128, 128)",,
mp-1872983,oxide,fourier-lowg-25pct,0.0010012067987628123,0.028263000000151806,"(128, 128, 128)",,
mp-1872983,oxide,fourier-lowg-100pct,5.7968970685921594e-08,0.02602524999383604,"(128, 128, 128)",,
mp-1818652,oxychalcogenide,direct,2.1444881844530077e-08,0.0007127910066628829,"(128, 128, 128)",,
mp-1818652,oxychalcogenide,cutoff-top-1pct,0.8598161618297055,0.006402792001608759,"(128, 128, 128)",0.14018383622169495,2109.45263671875
mp-1818652,oxychalcogenide,cutoff-top-5pct,0.5642837558294238,0.007115791995602194,"(128, 128, 128)",0.4357162117958069,938.9434204101562
mp-1818652,oxychalcogenide,cutoff-top-25pct,0.15280170721977138,0.012811625005269889,"(128, 128, 128)",0.8471983075141907,151.55532836914062
mp-1818652,oxychalcogenide,cutoff-top-100pct,2.1444881844530077e-08,0.008463124999252614,"(128, 128, 128)",0.9999999403953552,-117.11267852783203
mp-1818652,oxychalcogenide,fourier-lowg-1pct,0.012355904842970836,0.028477708001446445,"(128, 128, 128)",,
mp-1818652,oxychalcogenide,fourier-lowg-5pct,0.0008656484076385938,0.027827792000607587,"(128, 128, 128)",,
mp-1818652,oxychalcogenide,fourier-lowg-25pct,0.0005472020718254596,0.02786379199824296,"(128, 128, 128)",,
mp-1818652,oxychalcogenide,fourier-lowg-100pct,4.8267437392645016e-08,0.03143825000006473,"(128, 128, 128)",,
mp-1891672,intermetallic,direct,2.1158628417752962e-08,0.0006979169993428513,"(128, 128, 128)",,
mp-1891672,intermetallic,cutoff-top-1pct,0.6625729952153908,0.0046319579996634275,"(128, 128, 128)",0.337427020072937,3346.08984375
mp-1891672,intermetallic,cutoff-top-5pct,0.4241777005732204,0.005023416000767611,"(128, 128, 128)",0.5758222937583923,191.19308471679688
mp-1891672,intermetallic,cutoff-top-25pct,0.28923794451911267,0.011588749999646097,"(128, 128, 128)",0.710762083530426,98.17927551269531
mp-1891672,intermetallic,cutoff-top-100pct,2.1158628417752962e-08,0.007520292005210649,"(128, 128, 128)",1.0000001192092896,-6.348002910614014
mp-1891672,intermetallic,fourier-lowg-1pct,0.03992387595416891,0.02647629100101767,"(128, 128, 128)",,
mp-1891672,intermetallic,fourier-lowg-5pct,0.003997277162117438,0.024909708998166025,"(128, 128, 128)",,
mp-1891672,intermetallic,fourier-lowg-25pct,0.00045197911993093506,0.02596129200537689,"(128, 128, 128)",,
mp-1891672,intermetallic,fourier-lowg-100pct,7.402256903418778e-08,0.02616058300191071,"(128, 128, 128)",,
mp-1835781,intermetallic,direct,2.139896831428344e-08,0.0008942499989643693,"(128, 128, 128)",,
mp-1835781,intermetallic,cutoff-top-1pct,0.7391374769554723,0.00866166700143367,"(128, 128, 128)",0.2608625292778015,968.2991943359375
mp-1835781,intermetallic,cutoff-top-5pct,0.37966066157765205,0.008648457995150238,"(128, 128, 128)",0.6203393340110779,240.7550506591797
mp-1835781,intermetallic,cutoff-top-25pct,0.18128284738702383,0.009443125003599562,"(128, 128, 128)",0.8187172412872314,19.23778533935547
mp-1835781,intermetallic,cutoff-top-100pct,2.139896831428344e-08,0.009063707999303006,"(128, 128, 128)",1.0,9.723212242126465
mp-1835781,intermetallic,fourier-lowg-1pct,0.011177994254215406,0.031167291999736335,"(128, 128, 128)",,
mp-1835781,intermetallic,fourier-lowg-5pct,0.001260329771506342,0.05147058299917262,"(128, 128, 128)",,
mp-1835781,intermetallic,fourier-lowg-25pct,0.0002411667949879507,0.057243208000727464,"(128, 128, 128)",,
mp-1835781,intermetallic,fourier-lowg-100pct,6.976170718277245e-08,0.08005516700359294,"(128, 128, 128)",,
mp-1936694,oxide,direct,2.174624309502838e-08,0.0007597090007038787,"(128, 128, 128)",,
mp-1936694,oxide,cutoff-top-1pct,0.8421533505763398,0.006583375004993286,"(128, 128, 128)",0.15784664452075958,3040.727294921875
mp-1936694,oxide,cutoff-top-5pct,0.5227179072918313,0.008771665998210665,"(128, 128, 128)",0.4772821068763733,1417.106201171875
mp-1936694,oxide,cutoff-top-25pct,0.10449381420962252,0.00868849999824306,"(128, 128, 128)",0.8955062627792358,168.771728515625
mp-1936694,oxide,cutoff-top-100pct,2.174624309502838e-08,0.007558124998467974,"(128, 128, 128)",1.0,0.9368178248405457
mp-1936694,oxide,fourier-lowg-1pct,0.041100978286311034,0.025562333001289517,"(128, 128, 128)",,
mp-1936694,oxide,fourier-lowg-5pct,0.003551746271322431,0.024881249999452848,"(128, 128, 128)",,
mp-1936694,oxide,fourier-lowg-25pct,0.0006905050442455988,0.026823707994481083,"(128, 128, 128)",,
mp-1936694,oxide,fourier-lowg-100pct,5.1556314319348636e-08,0.026164584000071045,"(128, 128, 128)",,
mp-1844300,oxide,direct,2.1468775799928717e-08,0.00064504100009799,"(128, 128, 128)",,
mp-1844300,oxide,cutoff-top-1pct,0.8467499879690654,0.009738249995280057,"(128, 128, 128)",0.15325000882148743,5961.5947265625
mp-1844300,oxide,cutoff-top-5pct,0.5642437463211014,0.010757832998933736,"(128, 128, 128)",0.43575623631477356,2391.1689453125
mp-1844300,oxide,cutoff-top-25pct,0.21643942398198904,0.01571141699969303,"(128, 128, 128)",0.783560574054718,399.01141357421875
mp-1844300,oxide,cutoff-top-100pct,2.1468775799928717e-08,0.007019500000751577,"(128, 128, 128)",1.0,1.4461568593978882
mp-1844300,oxide,fourier-lowg-1pct,0.515312838902645,0.025162249999993946,"(128, 128, 128)",,
mp-1844300,oxide,fourier-lowg-5pct,0.17409027266986468,0.02428795900050318,"(128, 128, 128)",,
mp-1844300,oxide,fourier-lowg-25pct,0.012036029318214011,0.024706750002224,"(128, 128, 128)",,
mp-1844300,oxide,fourier-lowg-100pct,3.7463412028609585e-08,0.02347212500171736,"(128, 128, 128)",,
mp-1861588,chalcogenide,direct,2.1804760118474884e-08,0.000698458003171254,"(128, 128, 128)",,
mp-1861588,chalcogenide,cutoff-top-1pct,0.7851893728707787,0.0089465420023771,"(128, 128, 128)",0.21481063961982727,892.2210083007812
mp-1861588,chalcogenide,cutoff-top-5pct,0.5634442551509484,0.009017625001433771,"(128, 128, 128)",0.43655577301979065,290.5618896484375
mp-1861588,chalcogenide,cutoff-top-25pct,0.1738933175359424,0.011914540998986922,"(128, 128, 128)",0.8261066675186157,59.91910934448242
mp-1861588,chalcogenide,cutoff-top-100pct,2.1804760118474884e-08,0.007225542001833674,"(128, 128, 128)",1.0,-69.00188446044922
mp-1861588,chalcogenide,fourier-lowg-1pct,0.007007157871969067,0.02386675000161631,"(128, 128, 128)",,
mp-1861588,chalcogenide,fourier-lowg-5pct,0.0008478937746629019,0.023102500003005844,"(128, 128, 128)",,
mp-1861588,chalcogenide,fourier-lowg-25pct,0.0005049154531996328,0.0260299159999704,"(128, 128, 128)",,
mp-1861588,chalcogenide,fourier-lowg-100pct,5.570314806671712e-08,0.025926624999556225,"(128, 128, 128)",,
mp-1823442,oxide,direct,2.12889453404729e-08,0.0020315000001573935,"(128, 128, 128)",,
mp-1823442,oxide,cutoff-top-1pct,0.8411070859216997,0.005266374995699152,"(128, 128, 128)",0.1588929295539856,3128.215576171875
mp-1823442,oxide,cutoff-top-5pct,0.5522227634582938,0.005848291999427602,"(128, 128, 128)",0.44777727127075195,1250.08056640625
mp-1823442,oxide,cutoff-top-25pct,0.1842810677799596,0.013692041000467725,"(128, 128, 128)",0.8157190084457397,228.61114501953125
mp-1823442,oxide,cutoff-top-100pct,2.12889453404729e-08,0.007797749996825587,"(128, 128, 128)",1.0,-183.81214904785156
mp-1823442,oxide,fourier-lowg-1pct,0.016917590262997252,0.03187608299776912,"(128, 128, 128)",,
mp-1823442,oxide,fourier-lowg-5pct,0.0012576828707637569,0.030377874994883314,"(128, 128, 128)",,
mp-1823442,oxide,fourier-lowg-25pct,0.00019330706658638166,0.030627749998529907,"(128, 128, 128)",,
mp-1823442,oxide,fourier-lowg-100pct,4.33833626259107e-08,0.029541875002905726,"(128, 128, 128)",,
mp-1790142,intermetallic,direct,2.1318301891530337e-08,0.0006115830037742853,"(128, 128, 128)",,
mp-1790142,intermetallic,cutoff-top-1pct,0.658250804924502,0.0053884579974692315,"(128, 128, 128)",0.3417492210865021,526.3640747070312
mp-1790142,intermetallic,cutoff-top-5pct,0.34851981109407515,0.005364207994716708,"(128, 128, 128)",0.6514801979064941,74.07733154296875
mp-1790142,intermetallic,cutoff-top-25pct,0.21568319787216145,0.007573791001050267,"(128, 128, 128)",0.7843167781829834,11.315396308898926
mp-1790142,intermetallic,cutoff-top-100pct,2.1318301891530337e-08,0.006982750004681293,"(128, 128, 128)",1.0,5.678285121917725
mp-1790142,intermetallic,fourier-lowg-1pct,0.003825980495298657,0.025576084000931587,"(128, 128, 128)",,
mp-1790142,intermetallic,fourier-lowg-5pct,0.0011761018064425333,0.02530787499563303,"(128, 128, 128)",,
mp-1790142,intermetallic,fourier-lowg-25pct,0.0003168367497818705,0.027022791997296736,"(128, 128, 128)",,
mp-1790142,intermetallic,fourier-lowg-100pct,9.230327352194432e-08,0.02388737499859417,"(128, 128, 128)",,
mp-1806192,oxide,direct,2.1510852643466425e-08,0.0006925000052433461,"(128, 128, 128)",,
mp-1806192,oxide,cutoff-top-1pct,0.8390454942943618,0.007312916997761931,"(128, 128, 128)",0.16095450520515442,1615.1116943359375
mp-1806192,oxide,cutoff-top-5pct,0.5240814683526143,0.007660249997570645,"(128, 128, 128)",0.4759185314178467,604.3810424804688
mp-1806192,oxide,cutoff-top-25pct,0.15635548262038637,0.010688834001484793,"(128, 128, 128)",0.8436445593833923,95.28701782226562
mp-1806192,oxide,cutoff-top-100pct,2.1510852643466425e-08,0.006852374994195998,"(128, 128, 128)",1.0000001192092896,-55.33469772338867
mp-1806192,oxide,fourier-lowg-1pct,0.008287169009354896,0.025185334001434967,"(128, 128, 128)",,
mp-1806192,oxide,fourier-lowg-5pct,0.0006406098839700326,0.023123124999983702,"(128, 128, 128)",,
mp-1806192,oxide,fourier-lowg-25pct,0.000157922843711712,0.025053208002645988,"(128, 128, 128)",,
mp-1806192,oxide,fourier-lowg-100pct,4.4912169958458004e-08,0.023985499996342696,"(128, 128, 128)",,
mp-1812401,oxide,direct,2.1664808392108698e-08,0.0007977499990374781,"(128, 128, 128)",,
mp-1812401,oxide,cutoff-top-1pct,0.8315276415303698,0.004109125002287328,"(128, 128, 128)",0.16847237944602966,2490.790283203125
mp-1812401,oxide,cutoff-top-5pct,0.5385869280378225,0.004505083001276944,"(128, 128, 128)",0.46141308546066284,1015.326904296875
mp-1812401,oxide,cutoff-top-25pct,0.1938768119986754,0.008827375000691973,"(128, 128, 128)",0.8061231970787048,144.86766052246094
mp-1812401,oxide,cutoff-top-100pct,2.1664808392108698e-08,0.0070284579996950924,"(128, 128, 128)",1.0,-0.020550142973661423
mp-1812401,oxide,fourier-lowg-1pct,0.01290176740040002,0.024007542000617832,"(128, 128, 128)",,
mp-1812401,oxide,fourier-lowg-5pct,0.0010719128006360496,0.024393040999711957,"(128, 128, 128)",,
mp-1812401,oxide,fourier-lowg-25pct,0.00017158312703600905,0.024720582994632423,"(128, 128, 128)",,
mp-1812401,oxide,fourier-lowg-100pct,3.8589246660069107e-08,0.023753041998133995,"(128, 128, 128)",,
mp-1779621,oxide,direct,2.138920359685483e-08,0.0006784579964005388,"(128, 128, 128)",,
mp-1779621,oxide,cutoff-top-1pct,0.8459586902445131,0.006690999995043967,"(128, 128, 128)",0.15404130518436432,897.9335327148438
mp-1779621,oxide,cutoff-top-5pct,0.5670126798697055,0.007829416994354688,"(128, 128, 128)",0.43298736214637756,357.4486389160156
mp-1779621,oxide,cutoff-top-25pct,0.1712878043629746,0.0165758340008324,"(128, 128, 128)",0.8287121653556824,66.65389251708984
mp-1779621,oxide,cutoff-top-100pct,2.138920359685483e-08,0.008810166997136548,"(128, 128, 128)",1.0,1.3398550748825073
mp-1779621,oxide,fourier-lowg-1pct,0.002517998091966995,0.03216462500131456,"(128, 128, 128)",,
mp-1779621,oxide,fourier-lowg-5pct,0.0007607760174746643,0.029133999996702187,"(128, 128, 128)",,
mp-1779621,oxide,fourier-lowg-25pct,0.000491649736416919,0.026866749998589512,"(128, 128, 128)",,
mp-1779621,oxide,fourier-lowg-100pct,4.37453305120783e-08,0.025827415993262548,"(128, 128, 128)",,
mp-1926655,other,direct,2.2021009601611635e-08,0.0008201669988920912,"(128, 128, 128)",,
mp-1926655,other,cutoff-top-1pct,0.9135811980866472,0.007859833000111394,"(128, 128, 128)",0.08641881495714188,127.59624481201172
mp-1926655,other,cutoff-top-5pct,0.8162560924529476,0.009206166003423277,"(128, 128, 128)",0.1837439239025116,83.93494415283203
mp-1926655,other,cutoff-top-25pct,0.4548553652001698,0.007967124998685904,"(128, 128, 128)",0.5451446771621704,47.10117721557617
mp-1926655,other,cutoff-top-100pct,2.2021009601611635e-08,0.006802832998801023,"(128, 128, 128)",1.0,-42.294620513916016
mp-1926655,other,fourier-lowg-1pct,0.0011034026871062249,0.02291454099758994,"(128, 128, 128)",,
mp-1926655,other,fourier-lowg-5pct,0.00014695526248392857,0.02342658400448272,"(128, 128, 128)",,
mp-1926655,other,fourier-lowg-25pct,3.4725550361796044e-05,0.02367312499700347,"(128, 128, 128)",,
mp-1926655,other,fourier-lowg-100pct,3.5219284481963266e-08,0.02318566699977964,"(128, 128, 128)",,
mp-2708085,other,direct,2.1300098423181155e-08,0.0007082499942043796,"(128, 128, 128)",,
mp-2708085,other,cutoff-top-1pct,0.8453990651445159,0.002756750000116881,"(128, 128, 128)",0.15460093319416046,315.1463928222656
mp-2708085,other,cutoff-top-5pct,0.5203189358855181,0.006610250005905982,"(128, 128, 128)",0.4796810448169708,132.2732696533203
mp-2708085,other,cutoff-top-25pct,0.15824320890300367,0.009236708996468224,"(128, 128, 128)",0.8417568206787109,16.767271041870117
mp-2708085,other,cutoff-top-100pct,2.1300098423181155e-08,0.007153917002142407,"(128, 128, 128)",1.0,2.0671510696411133
mp-2708085,other,fourier-lowg-1pct,0.004824340087792345,0.023994083996512927,"(128, 128, 128)",,
mp-2708085,other,fourier-lowg-5pct,0.00025424595370521707,0.02457391699863365,"(128, 128, 128)",,
mp-2708085,other,fourier-lowg-25pct,5.283745448637106e-05,0.02538020799693186,"(128, 128, 128)",,
mp-2708085,other,fourier-lowg-100pct,4.060845262574038e-08,0.02314549999573501,"(128, 128, 128)",,
mp-1818271,intermetallic,direct,2.130043006959113e-08,0.0008057089944486506,"(128, 128, 128)",,
mp-1818271,intermetallic,cutoff-top-1pct,0.6960803366047439,0.009379667004395742,"(128, 128, 128)",0.30391964316368103,1375.50927734375
mp-1818271,intermetallic,cutoff-top-5pct,0.3139447869310645,0.009091749998333398,"(128, 128, 128)",0.6860551834106445,286.6224670410156
mp-1818271,intermetallic,cutoff-top-25pct,0.12274421181907419,0.00963541599776363,"(128, 128, 128)",0.8772557973861694,22.485225677490234
mp-1818271,intermetallic,cutoff-top-100pct,2.130043006959113e-08,0.0073230420020991005,"(128, 128, 128)",1.0,7.812057971954346
mp-1818271,intermetallic,fourier-lowg-1pct,0.013551747361426936,0.025319582993688527,"(128, 128, 128)",,
mp-1818271,intermetallic,fourier-lowg-5pct,0.0013150661629270216,0.027120124999783002,"(128, 128, 128)",,
mp-1818271,intermetallic,fourier-lowg-25pct,0.0001815806514088959,0.027958541999396402,"(128, 128, 128)",,
mp-1818271,intermetallic,fourier-lowg-100pct,8.46305759233758e-08,0.02827012499619741,"(128, 128, 128)",,
mp-2678438,oxide,direct,2.1613033355142677e-08,0.0007170419994508848,"(128, 128, 128)",,
mp-2678438,oxide,cutoff-top-1pct,0.8660695302007448,0.007109041995136067,"(128, 128, 128)",0.13393045961856842,2166.69140625
mp-2678438,oxide,cutoff-top-5pct,0.568543667219669,0.007816708995960653,"(128, 128, 128)",0.4314563274383545,946.023681640625
mp-2678438,oxide,cutoff-top-25pct,0.1864375350169779,0.012196916999528185,"(128, 128, 128)",0.8135624527931213,154.10459899902344
mp-2678438,oxide,cutoff-top-100pct,2.1613033355142677e-08,0.007255791999341454,"(128, 128, 128)",1.0,-68.5196533203125
mp-2678438,oxide,fourier-lowg-1pct,0.007864319718241298,0.02655208299984224,"(128, 128, 128)",,
mp-2678438,oxide,fourier-lowg-5pct,0.0004082004225494174,0.024970791004307102,"(128, 128, 128)",,
mp-2678438,oxide,fourier-lowg-25pct,6.402536333836714e-05,0.02527570799429668,"(128, 128, 128)",,
mp-2678438,oxide,fourier-lowg-100pct,4.581963603318238e-08,0.025530541002808604,"(128, 128, 128)",,
mp-1786463,intermetallic,direct,2.1226444946950668e-08,0.0010483329970156774,"(128, 128, 128)",,
mp-1786463,intermetallic,cutoff-top-1pct,0.7706618810074637,0.00546629200107418,"(128, 128, 128)",0.2293381541967392,1110.780029296875
mp-1786463,intermetallic,cutoff-top-5pct,0.3928537770789648,0.006062000000383705,"(128, 128, 128)",0.6071462631225586,297.16168212890625
mp-1786463,intermetallic,cutoff-top-25pct,0.17439018231285927,0.010213624998868909,"(128, 128, 128)",0.8256098628044128,23.78888702392578
mp-1786463,intermetallic,cutoff-top-100pct,2.1226444946950668e-08,0.008027709001908079,"(128, 128, 128)",1.0,9.31283950805664
mp-1786463,intermetallic,fourier-lowg-1pct,0.003142322190690737,0.03041870800370816,"(128, 128, 128)",,
mp-1786463,intermetallic,fourier-lowg-5pct,0.0009436484319747968,0.029993957999977283,"(128, 128, 128)",,
mp-1786463,intermetallic,fourier-lowg-25pct,0.0002456893562875265,0.02842979199340334,"(128, 128, 128)",,
mp-1786463,intermetallic,fourier-lowg-100pct,5.889586706347813e-08,0.024945124998339452,"(128, 128, 128)",,
mp-1876337,other,direct,2.175652625153701e-08,0.0008511249980074354,"(128, 128, 128)",,
mp-1876337,other,cutoff-top-1pct,0.6569588981723732,0.007944208999106195,"(128, 128, 128)",0.3430411219596863,1040.768310546875
mp-1876337,other,cutoff-top-5pct,0.2775052622396316,0.00816104199475376,"(128, 128, 128)",0.7224947810173035,234.44485473632812
mp-1876337,other,cutoff-top-25pct,0.0312080253821533,0.011163833994942252,"(128, 128, 128)",0.9687919616699219,14.161117553710938
mp-1876337,other,cutoff-top-100pct,2.175652625153701e-08,0.007305457998882048,"(128, 128, 128)",1.0,0.07075485587120056
mp-1876337,other,fourier-lowg-1pct,0.027441734175628684,0.027571582999371458,"(128, 128, 128)",,
mp-1876337,other,fourier-lowg-5pct,0.0005033194940241661,0.025732416994287632,"(128, 128, 128)",,
mp-1876337,other,fourier-lowg-25pct,0.00011261963335341434,0.028036124997015577,"(128, 128, 128)",,
mp-1876337,other,fourier-lowg-100pct,8.114831212587702e-08,0.02365829200425651,"(128, 128, 128)",,
mp-2294497,other,direct,2.1154487345356335e-08,0.0009408749974681996,"(128, 128, 128)",,
mp-2294497,other,cutoff-top-1pct,0.7943610298605159,0.004919083003187552,"(128, 128, 128)",0.20563900470733643,378.4380187988281
mp-2294497,other,cutoff-top-5pct,0.3530986313298744,0.006548416000441648,"(128, 128, 128)",0.6469014286994934,118.45831298828125
mp-2294497,other,cutoff-top-25pct,0.04819284641255294,0.008225290999689605,"(128, 128, 128)",0.9518072009086609,6.449400424957275
mp-2294497,other,cutoff-top-100pct,2.1154487345356335e-08,0.008708332999958657,"(128, 128, 128)",1.0,-208.71829223632812
mp-2294497,other,fourier-lowg-1pct,0.0036322410149102376,0.027970332994300406,"(128, 128, 128)",,
mp-2294497,other,fourier-lowg-5pct,0.0005571109052203726,0.025149791996227577,"(128, 128, 128)",,
mp-2294497,other,fourier-lowg-25pct,0.00010374059640275346,0.03941362499608658,"(128, 128, 128)",,
mp-2294497,other,fourier-lowg-100pct,7.827594178436297e-08,0.03781354099919554,"(128, 128, 128)",,
mp-1775382,oxychalcogenide,direct,2.1359394033845785e-08,0.0007393749983748421,"(128, 128, 128)",,
mp-1775382,oxychalcogenide,cutoff-top-1pct,0.8573395488758095,0.005375667002226692,"(128, 128, 128)",0.1426604688167572,1061.31591796875
mp-1775382,oxychalcogenide,cutoff-top-5pct,0.5631275604205624,0.005669582998962142,"(128, 128, 128)",0.4368724524974823,466.12957763671875
mp-1775382,oxychalcogenide,cutoff-top-25pct,0.1750385164604943,0.010484541999176145,"(128, 128, 128)",0.8249616026878357,75.95104217529297
mp-1775382,oxychalcogenide,cutoff-top-100pct,2.1359394033845785e-08,0.007377084002655465,"(128, 128, 128)",1.0000001192092896,-38.050357818603516
mp-1775382,oxychalcogenide,fourier-lowg-1pct,0.0105690127041494,0.028441082999052014,"(128, 128, 128)",,
mp-1775382,oxychalcogenide,fourier-lowg-5pct,0.0006842912569895228,0.025697750003018882,"(128, 128, 128)",,
mp-1775382,oxychalcogenide,fourier-lowg-25pct,0.00018833775811917837,0.02735329199640546,"(128, 128, 128)",,
mp-1775382,oxychalcogenide,fourier-lowg-100pct,5.509813018091954e-08,0.025674332995549776,"(128, 128, 128)",,
mp-1897656,oxide,direct,2.1631786032393752e-08,0.0009230420037056319,"(128, 128, 128)",,
mp-1897656,oxide,cutoff-top-1pct,0.8083630198759979,0.014060834000702016,"(128, 128, 128)",0.19163696467876434,2833.24609375
mp-1897656,oxide,cutoff-top-5pct,0.46892700087619454,0.015066916996147484,"(128, 128, 128)",0.5310729742050171,1181.5029296875
mp-1897656,oxide,cutoff-top-25pct,0.08756224897402154,0.020178874998237006,"(128, 128, 128)",0.9124377369880676,111.4591064453125
mp-1897656,oxide,cutoff-top-100pct,2.1631786032393752e-08,0.00782108299608808,"(128, 128, 128)",1.0,0.8177564144134521
mp-1897656,oxide,fourier-lowg-1pct,0.07484090405200702,0.028824667002481874,"(128, 128, 128)",,
mp-1897656,oxide,fourier-lowg-5pct,0.00894040099718231,0.028694416003418155,"(128, 128, 128)",,
mp-1897656,oxide,fourier-lowg-25pct,0.00030488346586891434,0.029724542000622023,"(128, 128, 128)",,
mp-1897656,oxide,fourier-lowg-100pct,5.160920454994663e-08,0.03040737500123214,"(128, 128, 128)",,
mp-2504165,other,direct,2.1666128196897783e-08,0.004561165995255578,"(128, 128, 128)",,
mp-2504165,other,cutoff-top-1pct,0.826524439002384,0.004293124999094289,"(128, 128, 128)",0.17347559332847595,304.8656311035156
mp-2504165,other,cutoff-top-5pct,0.5789206475166977,0.005144333001226187,"(128, 128, 128)",0.4210793972015381,107.93167877197266
mp-2504165,other,cutoff-top-25pct,0.23091442805775383,0.011532416996487882,"(128, 128, 128)",0.769085705280304,21.60040283203125
mp-2504165,other,cutoff-top-100pct,2.1666128196897783e-08,0.0069345000010798685,"(128, 128, 128)",1.0,-0.03522428125143051
mp-2504165,other,fourier-lowg-1pct,0.0003934192849727294,0.029088415998558048,"(128, 128, 128)",,
mp-2504165,other,fourier-lowg-5pct,0.0002230375024592691,0.025262832998123486,"(128, 128, 128)",,
mp-2504165,other,fourier-lowg-25pct,8.408063826628983e-05,0.024510874995030463,"(128, 128, 128)",,
mp-2504165,other,fourier-lowg-100pct,3.8958711382042e-08,0.024706666998099536,"(128, 128, 128)",,
mp-2292492,other,direct,2.1382265684769196e-08,0.0007435410007019527,"(128, 128, 128)",,
mp-2292492,other,cutoff-top-1pct,0.8856412241562945,0.009290542002418078,"(128, 128, 128)",0.11435877531766891,143.52960205078125
mp-2292492,other,cutoff-top-5pct,0.6189480509179575,0.010692375006328803,"(128, 128, 128)",0.3810519576072693,73.4732894897461
mp-2292492,other,cutoff-top-25pct,0.2191515505922337,0.012519208001322113,"(128, 128, 128)",0.780848503112793,12.176765441894531
mp-2292492,other,cutoff-top-100pct,2.1382265684769196e-08,0.008191916997020599,"(128, 128, 128)",1.0,1.2684845924377441
mp-2292492,other,fourier-lowg-1pct,0.00028111441498944,0.037447000002430286,"(128, 128, 128)",,
mp-2292492,other,fourier-lowg-5pct,0.0001221575833795841,0.02656491699599428,"(128, 128, 128)",,
mp-2292492,other,fourier-lowg-25pct,5.2294382497518865e-05,0.03069954099919414,"(128, 128, 128)",,
mp-2292492,other,fourier-lowg-100pct,3.3813950161035076e-08,0.027179832999536302,"(128, 128, 128)",,
mp-2285616,other,direct,2.1450317592112435e-08,0.0006249580037547275,"(128, 128, 128)",,
mp-2285616,other,cutoff-top-1pct,0.8498445321474705,0.0052873329987050965,"(128, 128, 128)",0.1501554697751999,198.49343872070312
mp-2285616,other,cutoff-top-5pct,0.5586651106228765,0.005289875000016764,"(128, 128, 128)",0.44133487343788147,90.5509033203125
mp-2285616,other,cutoff-top-25pct,0.15219960579330544,0.009078000002773479,"(128, 128, 128)",0.8478004336357117,12.382505416870117
mp-2285616,other,cutoff-top-100pct,2.1450317592112435e-08,0.00770383400231367,"(128, 128, 128)",1.0,0.42698612809181213
mp-2285616,other,fourier-lowg-1pct,0.00026831363854318356,0.0272940419963561,"(128, 128, 128)",,
mp-2285616,other,fourier-lowg-5pct,0.0001054448312868033,0.026117125002201647,"(128, 128, 128)",,
mp-2285616,other,fourier-lowg-25pct,4.841148857706292e-05,0.02859737499966286,"(128, 128, 128)",,
mp-2285616,other,fourier-lowg-100pct,4.6266497024732484e-08,0.02718979100609431,"(128, 128, 128)",,
mp-1798897,intermetallic,direct,2.1358645054062188e-08,0.000626207998720929,"(128, 128, 128)",,
mp-1798897,intermetallic,cutoff-top-1pct,0.6987452035254832,0.007061499993142206,"(128, 128, 128)",0.3012547791004181,473.12994384765625
mp-1798897,intermetallic,cutoff-top-5pct,0.35197713742928444,0.007029042004432995,"(128, 128, 128)",0.6480228900909424,95.28289794921875
mp-1798897,intermetallic,cutoff-top-25pct,0.1915656162172785,0.006859624998469371,"(128, 128, 128)",0.8084344267845154,8.43913459777832
mp-1798897,intermetallic,cutoff-top-100pct,2.1358645054062188e-08,0.007099916001607198,"(128, 128, 128)",1.0,4.392309665679932
mp-1798897,intermetallic,fourier-lowg-1pct,0.010599066374009062,0.023539082998468075,"(128, 128, 128)",,
mp-1798897,intermetallic,fourier-lowg-5pct,0.0016201270657014934,0.023913917000754736,"(128, 128, 128)",,
mp-1798897,intermetallic,fourier-lowg-25pct,0.0009740674132363502,0.02592604100209428,"(128, 128, 128)",,
mp-1798897,intermetallic,fourier-lowg-100pct,6.596885885496388e-08,0.02454879200377036,"(128, 128, 128)",,
mp-1776858,chalcogenide,direct,2.1830111344553835e-08,0.0006554589999723248,"(128, 128, 128)",,
mp-1776858,chalcogenide,cutoff-top-1pct,0.7525716271675733,0.008438457996817306,"(128, 128, 128)",0.24742838740348816,1387.8101806640625
mp-1776858,chalcogenide,cutoff-top-5pct,0.4598913173910528,0.00940120800078148,"(128, 128, 128)",0.5401086807250977,285.9631652832031
mp-1776858,chalcogenide,cutoff-top-25pct,0.15129712259137634,0.01222829200560227,"(128, 128, 128)",0.8487028479576111,47.10475158691406
mp-1776858,chalcogenide,cutoff-top-100pct,2.1830111344553835e-08,0.00680070799717214,"(128, 128, 128)",1.0,-71.46405029296875
mp-1776858,chalcogenide,fourier-lowg-1pct,0.005798431350796623,0.023438374999386724,"(128, 128, 128)",,
mp-1776858,chalcogenide,fourier-lowg-5pct,0.0008036401077957864,0.024032000001170672,"(128, 128, 128)",,
mp-1776858,chalcogenide,fourier-lowg-25pct,0.00012627004299478712,0.02479924999352079,"(128, 128, 128)",,
mp-1776858,chalcogenide,fourier-lowg-100pct,5.751632792698247e-08,0.024663000003783964,"(128, 128, 128)",,
mp-2458339,other,direct,2.1607826461071415e-08,0.0006215829998836853,"(128, 128, 128)",,
mp-2458339,other,cutoff-top-1pct,0.8673892265789209,0.007334709000133444,"(128, 128, 128)",0.13261078298091888,187.110595703125
mp-2458339,other,cutoff-top-5pct,0.6226317570366497,0.00742175000050338,"(128, 128, 128)",0.3773682713508606,75.70116424560547
mp-2458339,other,cutoff-top-25pct,0.2243204518814011,0.010376582999015227,"(128, 128, 128)",0.7756795883178711,15.872489929199219
mp-2458339,other,cutoff-top-100pct,2.1607826461071415e-08,0.007055124995531514,"(128, 128, 128)",1.0,1.1731154918670654
mp-2458339,other,fourier-lowg-1pct,0.0002983096627628647,0.02298099999461556,"(128, 128, 128)",,
mp-2458339,other,fourier-lowg-5pct,9.170162230153429e-05,0.024036040995270014,"(128, 128, 128)",,
mp-2458339,other,fourier-lowg-25pct,4.155256076365821e-05,0.024792749994958285,"(128, 128, 128)",,
mp-2458339,other,fourier-lowg-100pct,4.560301902170977e-08,0.023320915999647696,"(128, 128, 128)",,
mp-1877524,intermetallic,direct,2.1005128275274167e-08,0.0006773749992134981,"(128, 128, 128)",,
mp-1877524,intermetallic,cutoff-top-1pct,0.6820621850621937,0.004404874998726882,"(128, 128, 128)",0.31793782114982605,990.350341796875
mp-1877524,intermetallic,cutoff-top-5pct,0.3347574208999092,0.004859874999965541,"(128, 128, 128)",0.665242612361908,161.89927673339844
mp-1877524,intermetallic,cutoff-top-25pct,0.19654289138662806,0.00932579199434258,"(128, 128, 128)",0.8034571409225464,15.853523254394531
mp-1877524,intermetallic,cutoff-top-100pct,2.1005128275274167e-08,0.007160874993132893,"(128, 128, 128)",1.0,8.972437858581543
mp-1877524,intermetallic,fourier-lowg-1pct,0.004852549632074211,0.025062749999051448,"(128, 128, 128)",,
mp-1877524,intermetallic,fourier-lowg-5pct,0.0011334478284210781,0.024670124999829568,"(128, 128, 128)",,
mp-1877524,intermetallic,fourier-lowg-25pct,0.00027393106024045346,0.025227749996702187,"(128, 128, 128)",,
mp-1877524,intermetallic,fourier-lowg-100pct,7.39097926679067e-08,0.024104290998366196,"(128, 128, 128)",,
mp-1825953,oxide,direct,2.1402996082071936e-08,0.0009637080001994036,"(128, 128, 128)",,
mp-1825953,oxide,cutoff-top-1pct,0.8435342756195277,0.01143245799903525,"(128, 128, 128)",0.15646572411060333,2580.353759765625
mp-1825953,oxide,cutoff-top-5pct,0.5413141538793074,0.011303125000267755,"(128, 128, 128)",0.45868587493896484,990.8690185546875
mp-1825953,oxide,cutoff-top-25pct,0.15193028479376963,0.020252083995728754,"(128, 128, 128)",0.8480697274208069,178.65786743164062
mp-1825953,oxide,cutoff-top-100pct,2.1402996082071936e-08,0.013171792001230642,"(128, 128, 128)",1.0,-197.1925506591797
mp-1825953,oxide,fourier-lowg-1pct,0.019562119001650335,0.04825633300060872,"(128, 128, 128)",,
mp-1825953,oxide,fourier-lowg-5pct,0.0016313060668921788,0.035458667000057176,"(128, 128, 128)",,
mp-1825953,oxide,fourier-lowg-25pct,0.0005931635476483679,0.03205066699592862,"(128, 128, 128)",,
mp-1825953,oxide,fourier-lowg-100pct,5.172711983781337e-08,0.029480458004400134,"(128, 128, 128)",,
mp-2651741,intermetallic,direct,2.100179859111551e-08,0.0007356670030276291,"(128, 128, 128)",,
mp-2651741,intermetallic,cutoff-top-1pct,0.67988260481387,0.0053987499995855615,"(128, 128, 128)",0.32011741399765015,424.166259765625
mp-2651741,intermetallic,cutoff-top-5pct,0.36709985659413435,0.008467833999020513,"(128, 128, 128)",0.6329001188278198,63.584014892578125
mp-2651741,intermetallic,cutoff-top-25pct,0.23064370425216685,0.00902812499407446,"(128, 128, 128)",0.7693563103675842,9.174489974975586
mp-2651741,intermetallic,cutoff-top-100pct,2.100179859111551e-08,0.006972625000344124,"(128, 128, 128)",1.0,6.008157730102539
mp-2651741,intermetallic,fourier-lowg-1pct,0.006997794121612777,0.025685082997370046,"(128, 128, 128)",,
mp-2651741,intermetallic,fourier-lowg-5pct,0.0009790085066125733,0.025344166002469137,"(128, 128, 128)",,
mp-2651741,intermetallic,fourier-lowg-25pct,0.0007573326132636237,0.02739454200491309,"(128, 128, 128)",,
mp-2651741,intermetallic,fourier-lowg-100pct,6.948169040089748e-08,0.026126208002096973,"(128, 128, 128)",,
mp-1926329,oxide,direct,2.142467525510916e-08,0.0007034579975879751,"(128, 128, 128)",,
mp-1926329,oxide,cutoff-top-1pct,0.8333771179515022,0.006670374998066109,"(128, 128, 128)",0.16662287712097168,2878.636474609375
mp-1926329,oxide,cutoff-top-5pct,0.527992967131359,0.008413125004153699,"(128, 128, 128)",0.47200703620910645,1092.9412841796875
mp-1926329,oxide,cutoff-top-25pct,0.14391445101253614,0.011278334000962786,"(128, 128, 128)",0.8560855388641357,192.8713836669922
mp-1926329,oxide,cutoff-top-100pct,2.142467525510916e-08,0.007869291999668349,"(128, 128, 128)",1.0,-195.78591918945312
mp-1926329,oxide,fourier-lowg-1pct,0.019159128524559248,0.025313625003036577,"(128, 128, 128)",,
mp-1926329,oxide,fourier-lowg-5pct,0.0017746559456677164,0.027158541000972036,"(128, 128, 128)",,
mp-1926329,oxide,fourier-lowg-25pct,0.000628715371967125,0.02883391599607421,"(128, 128, 128)",,
mp-1926329,oxide,fourier-lowg-100pct,5.31713174187753e-08,0.02460691700252937,"(128, 128, 128)",,
mp-1938759,other,direct,2.135730582648222e-08,0.0007254999945871532,"(128, 128, 128)",,
mp-1938759,other,cutoff-top-1pct,0.8101103014173708,0.008733916998608038,"(128, 128, 128)",0.18988969922065735,2471.290283203125
mp-1938759,other,cutoff-top-5pct,0.5170041441658642,0.007642415999725927,"(128, 128, 128)",0.482995867729187,783.5536499023438
mp-1938759,other,cutoff-top-25pct,0.17761570456228884,0.009166374999040272,"(128, 128, 128)",0.8223843574523926,126.12081909179688
mp-1938759,other,cutoff-top-100pct,2.135730582648222e-08,0.008056209000642411,"(128, 128, 128)",1.0,3.989560842514038
mp-1938759,other,fourier-lowg-1pct,0.008052082215862053,0.026145582996832673,"(128, 128, 128)",,
mp-1938759,other,fourier-lowg-5pct,0.0009287600871463534,0.025729499997396488,"(128, 128, 128)",,
mp-1938759,other,fourier-lowg-25pct,0.0003894675906880015,0.026618916002917103,"(128, 128, 128)",,
mp-1938759,other,fourier-lowg-100pct,5.2655469653097565e-08,0.0258127080014674,"(128, 128, 128)",,
mp-1888413,oxide,direct,2.163325615092183e-08,0.0007035000016912818,"(128, 128, 128)",,
mp-1888413,oxide,cutoff-top-1pct,0.8494970799723721,0.007528875001298729,"(128, 128, 128)",0.15050292015075684,3699.73388671875
mp-1888413,oxide,cutoff-top-5pct,0.5524688967718107,0.007722457994532306,"(128, 128, 128)",0.447531133890152,1434.91845703125
mp-1888413,oxide,cutoff-top-25pct,0.18533929201621835,0.0152403329993831,"(128, 128, 128)",0.8146607279777527,246.06285095214844
mp-1888413,oxide,cutoff-top-100pct,2.163325615092183e-08,0.008067167000262998,"(128, 128, 128)",1.0,-123.80382537841797
mp-1888413,oxide,fourier-lowg-1pct,0.3708923532125474,0.026432915998157114,"(128, 128, 128)",,
mp-1888413,oxide,fourier-lowg-5pct,0.09388422381983659,0.026075959001900628,"(128, 128, 128)",,
mp-1888413,oxide,fourier-lowg-25pct,0.00762289387082358,0.028848082998592872,"(128, 128, 128)",,
mp-1888413,oxide,fourier-lowg-100pct,5.359779378144476e-08,0.0267225000061444,"(128, 128, 128)",,
